{
  "experiment_name": "Binoculars HC3 evaluation 2",
  "detection_method": "Binoculars",
  "model_used": "tiiuae/falcon-7b + tiiuae/falcon-7b-instruct",
  "dataset_used": "hc3_unified_t5_perturbed_ai_clean",
  "num_samples": 33097,
  "additional_details": {
    "additional_models_used": [
      "tiiuae/falcon-7b",
      "tiiuae/falcon-7b-instruct"
    ],
    "notes": "Zero-shot Binoculars detector using the configured threshold mode."
  },
  "metrics_at_1pct_fpr": {
    "f1": 0.7596614322307607,
    "accuracy": 0.8695954316101158,
    "precision": 0.9688920454545454,
    "recall": 0.6247481223667338,
    "auc_roc": 0.9748164675164049
  },
  "metrics_at_0.1pct_fpr": {
    "f1": 0.2337746206005812,
    "accuracy": 0.713206635042451,
    "precision": 0.9850340136054422,
    "recall": 0.13262502289796665,
    "auc_roc": 0.9748164675164049
  }
}