{
  "additional_details": {
    "additional_models_used": [],
    "notes": "Exported from ZeroGPT Colab evaluation on test_dataset."
  },
  "dataset_used": "hc3_stylistic_cleanup_10000_clean_test.csv",
  "detection_method": "svm_tfidf",
  "experiment_name": "hc3_stylistic_cleanup_10000_clean_test_svm_tfidf",
  "metrics_at_0.01pct_fpr": {
    "accuracy": 0.9660414799641532,
    "auc_roc": 0.999739457675972,
    "f1": 0.9410588300649964,
    "precision": 0.9997639282341833,
    "recall": 0.8888655682652954,
    "tpr": 0.8888655682652954
  },
  "metrics_at_0.1pct_fpr": {
    "accuracy": 0.9853731916527976,
    "auc_roc": 0.999739457675972,
    "f1": 0.975486777879097,
    "precision": 0.9976958525345624,
    "recall": 0.9542449365096024,
    "tpr": 0.9542449365096024
  },
  "metrics_at_1pct_fpr": {
    "accuracy": 0.9919984637050314,
    "auc_roc": 0.999739457675972,
    "f1": 0.987006237006237,
    "precision": 0.9777571825764596,
    "recall": 0.9964319445901983,
    "tpr": 0.9964319445901983
  },
  "model_used": "linear_svm_tfidf",
  "num_samples": 31244,
  "presentation_metrics": {
    "fpr_at_80pct_tpr": 0.0,
    "roc_auc": 0.999739457675972,
    "tpr_at_0_1pct_fpr": 0.9542449365096024
  }
}