{
  "experiment_name": "perturbation_20_d_results.json",
  "detection_method": "DetectGPT",
  "model_used": "gpt2-medium",
  "dataset_used": "hc3_perturbed",
  "num_samples": 9970,
  "additional_details": {
    "additional_models_used": [
      "t5-large"
    ],
    "notes": ""
  },
  "metrics_at_1pct_fpr": {
    "f1": 0.02781586679725759,
    "accuracy": 0.5022066198595787,
    "precision": 0.5916666666666667,
    "recall": 0.01424272818455366,
    "tpr": 0.01424272818455366,
    "auc_roc": 0.6619785937551873
  },
  "metrics_at_0.1pct_fpr": {
    "f1": 0.0067918497802636835,
    "accuracy": 0.5013039117352056,
    "precision": 0.8095238095238095,
    "recall": 0.0034102306920762286,
    "tpr": 0.0034102306920762286,
    "auc_roc": 0.6619785937551873
  }
}