{
  "experiment_name": "perturbation_5_z_results.json",
  "detection_method": "DetectGPT",
  "model_used": "openai-community/gpt2-large",
  "dataset_used": "hc3_all",
  "num_samples": 3728,
  "additional_details": {
    "additional_models_used": [
      "t5-base"
    ],
    "notes": ""
  },
  "metrics_at_1pct_fpr": {
    "f1": 0.05678884873515746,
    "accuracy": 0.5099248927038627,
    "precision": 0.7534246575342466,
    "recall": 0.029506437768240343,
    "auc_roc": 0.7580886551603456
  },
  "metrics_at_0.1pct_fpr": {
    "f1": 0.010666666666666666,
    "accuracy": 0.5024141630901288,
    "precision": 0.9090909090909091,
    "recall": 0.00536480686695279,
    "auc_roc": 0.7580886551603456
  }
}