{
  "additional_details": {
    "additional_models_used": [
      "/content/drive/MyDrive/colab_hc3_bundle/hf_models/gpt2"
    ],
    "notes": "Exported from ZeroGPT Colab evaluation on test_dataset."
  },
  "dataset_used": "hc3_unified_1000_seed42_test.csv",
  "detection_method": "gptzero_like",
  "experiment_name": "hc3_unified_1000_seed42_test_gptzero_like",
  "metrics_at_0.01pct_fpr": {
    "accuracy": 0.5061859314245316,
    "auc_roc": 0.9829461161651504,
    "f1": 0.0438056125941136,
    "precision": 1.0,
    "recall": 0.0223932820153953
  },
  "metrics_at_1pct_fpr": {
    "accuracy": 0.8854718981972428,
    "auc_roc": 0.9829461161651504,
    "f1": 0.8735362997658079,
    "precision": 0.9876434245366283,
    "recall": 0.7830650804758572
  },
  "model_used": "gptzero_like_logistic_regression",
  "num_samples": 2829
}