{
  "additional_details": {
    "additional_models_used": [],
    "notes": "Exported from ZeroGPT Colab evaluation on test_dataset."
  },
  "dataset_used": "hc3_gpt_5_4_mini_recursive_paraphrase_depth_3_test.csv",
  "detection_method": "svm_tfidf",
  "experiment_name": "hc3_gpt_5_4_mini_recursive_paraphrase_depth_3_test_svm_tfidf",
  "metrics_at_0.01pct_fpr": {
    "accuracy": 0.6207140332272888,
    "auc_roc": 0.9728831350594822,
    "f1": 0.3988795518207283,
    "precision": 1.0,
    "recall": 0.2491252624212736
  },
  "metrics_at_1pct_fpr": {
    "accuracy": 0.761046306115235,
    "auc_roc": 0.9728831350594822,
    "f1": 0.6941176470588235,
    "precision": 0.9820742637644048,
    "recall": 0.5367389783065081
  },
  "model_used": "linear_svm_tfidf",
  "num_samples": 2829
}