{
  "additional_details": {
    "additional_models_used": [],
    "notes": "Exported from ZeroGPT Colab evaluation on test_dataset."
  },
  "dataset_used": "hc3_stylistic_cleanup_10000_clean_test.csv",
  "detection_method": "xgboost_tfidf",
  "experiment_name": "hc3_stylistic_cleanup_10000_clean_test_xgboost_tfidf",
  "metrics_at_0.01pct_fpr": {
    "accuracy": 0.9154397644347716,
    "auc_roc": 0.999069433016708,
    "f1": 0.8390986601705237,
    "precision": 0.9997097663619212,
    "recall": 0.7229509917095183
  },
  "metrics_at_1pct_fpr": {
    "accuracy": 0.9856292408142364,
    "auc_roc": 0.999069433016708,
    "f1": 0.9764217822822034,
    "precision": 0.97719150725247,
    "recall": 0.9756532689684122
  },
  "model_used": "xgboost_tfidf",
  "num_samples": 31244
}