{
  "additional_details": {
    "additional_models_used": [],
    "notes": "Exported from ZeroGPT Colab evaluation on test_dataset."
  },
  "dataset_used": "hc3_gpt_5_4_mini_recursive_paraphrase_depth_1_10000_clean_test.csv",
  "detection_method": "xgboost_tfidf",
  "experiment_name": "hc3_gpt_5_4_mini_recursive_paraphrase_depth_1_10000_clean_test_xgboost_tfidf",
  "metrics_at_0.01pct_fpr": {
    "accuracy": 0.7667667974497303,
    "auc_roc": 0.996061156254512,
    "f1": 0.4646450432702455,
    "precision": 0.9993946731234868,
    "recall": 0.3026858557154643
  },
  "metrics_at_1pct_fpr": {
    "accuracy": 0.9562285434036292,
    "auc_roc": 0.996061156254512,
    "f1": 0.9314252785247792,
    "precision": 0.9781139687342412,
    "recall": 0.8889907415895133
  },
  "model_used": "xgboost_tfidf",
  "num_samples": 32624
}