{
  "additional_details": {
    "additional_models_used": [],
    "notes": "Exported from ZeroGPT Colab evaluation on test_dataset."
  },
  "dataset_used": "hc3_stylistic_cleanup_10000_clean_test.csv",
  "detection_method": "xgboost_tfidf",
  "experiment_name": "hc3_stylistic_cleanup_10000_clean_test_xgboost_tfidf",
  "metrics_at_0.01pct_fpr": {
    "accuracy": 0.9154397644347716,
    "auc_roc": 0.999069433016708,
    "f1": 0.8390986601705237,
    "precision": 0.9997097663619212,
    "recall": 0.7229509917095183,
    "tpr": 0.7229509917095183
  },
  "metrics_at_0.1pct_fpr": {
    "accuracy": 0.9617846626552299,
    "auc_roc": 0.999069433016708,
    "f1": 0.9333184407461187,
    "precision": 0.9974931359675303,
    "recall": 0.8769020883618428,
    "tpr": 0.8769020883618428
  },
  "metrics_at_1pct_fpr": {
    "accuracy": 0.9856292408142364,
    "auc_roc": 0.999069433016708,
    "f1": 0.9764217822822034,
    "precision": 0.97719150725247,
    "recall": 0.9756532689684122,
    "tpr": 0.9756532689684122
  },
  "model_used": "xgboost_tfidf",
  "num_samples": 31244,
  "presentation_metrics": {
    "fpr_at_80pct_tpr": 0.0002302555836979,
    "roc_auc": 0.999069433016708,
    "tpr_at_0_1pct_fpr": 0.8769020883618428
  }
}