{
  "additional_details": {
    "additional_models_used": [],
    "notes": "Exported from ZeroGPT Colab evaluation on test_dataset."
  },
  "dataset_used": "hc3_unified_t5_perturbed_ai_clean.csv",
  "detection_method": "xgboost_tfidf",
  "experiment_name": "hc3_unified_t5_perturbed_ai_clean_xgboost_tfidf",
  "metrics_at_0.01pct_fpr": {
    "accuracy": 0.8520414418832761,
    "auc_roc": 0.9922267749652384,
    "f1": 0.7159752868490733,
    "precision": 0.9996713769306604,
    "recall": 0.5577046475387295,
    "tpr": 0.5577046475387295
  },
  "metrics_at_0.1pct_fpr": {
    "accuracy": 0.8983876900441393,
    "auc_roc": 0.9922267749652384,
    "f1": 0.8212456187651658,
    "precision": 0.9972498690413828,
    "recall": 0.698047483729031,
    "tpr": 0.698047483729031
  },
  "metrics_at_1pct_fpr": {
    "accuracy": 0.941975232957332,
    "auc_roc": 0.9922267749652384,
    "f1": 0.9070190087921804,
    "precision": 0.977037037037037,
    "recall": 0.8463653863782198,
    "tpr": 0.8463653863782198
  },
  "model_used": "xgboost_tfidf",
  "num_samples": 32624,
  "presentation_metrics": {
    "fpr_at_80pct_tpr": 0.0044669583237393,
    "roc_auc": 0.9922267749652384,
    "tpr_at_0_1pct_fpr": 0.698047483729031
  }
}
