{
  "additional_details": {
    "additional_models_used": [],
    "notes": "Exported from ZeroGPT Colab evaluation on test_dataset."
  },
  "dataset_used": "hc3_gpt_5_4_mini_recursive_paraphrase_depth_3_10000_clean_test.csv",
  "detection_method": "xgboost_tfidf",
  "experiment_name": "hc3_gpt_5_4_mini_recursive_paraphrase_depth_3_10000_clean_test_xgboost_tfidf",
  "metrics_at_0.01pct_fpr": {
    "accuracy": 0.7577931034482759,
    "auc_roc": 0.9959605847183316,
    "f1": 0.432409136618302,
    "precision": 0.99933598937583,
    "recall": 0.2758936755270394
  },
  "metrics_at_1pct_fpr": {
    "accuracy": 0.9562605363984674,
    "auc_roc": 0.9959605847183316,
    "f1": 0.9314831708839488,
    "precision": 0.9781183825753756,
    "recall": 0.8890925756186985
  },
  "model_used": "xgboost_tfidf",
  "num_samples": 32625
}