{
  "additional_details": {
    "additional_models_used": [],
    "notes": "Exported from ZeroGPT Colab evaluation on test_dataset."
  },
  "dataset_used": "hc3_gpt_5_4_mini_recursive_paraphrase_depth_2_test.csv",
  "detection_method": "xgboost_tfidf",
  "experiment_name": "hc3_gpt_5_4_mini_recursive_paraphrase_depth_2_test_xgboost_tfidf",
  "metrics_at_0.01pct_fpr": {
    "accuracy": 0.6714992927864215,
    "auc_roc": 0.9816951780712284,
    "f1": 0.5179034769071095,
    "precision": 1.0,
    "recall": 0.3494397759103641
  },
  "metrics_at_1pct_fpr": {
    "accuracy": 0.8560820367751061,
    "auc_roc": 0.9816951780712284,
    "f1": 0.8356883326604764,
    "precision": 0.9866539561487132,
    "recall": 0.7247899159663865
  },
  "model_used": "xgboost_tfidf",
  "num_samples": 2828
}