{
  "additional_details": {
    "additional_models_used": [
      "/content/drive/MyDrive/colab_hc3_bundle/hf_models/gpt2"
    ],
    "notes": "Exported from ZeroGPT Colab evaluation on test_dataset."
  },
  "dataset_used": "hc3_stylistic_cleanup_10000_clean_test.csv",
  "detection_method": "gptzero_like",
  "experiment_name": "hc3_stylistic_cleanup_10000_clean_test_gptzero_like",
  "metrics_at_0.01pct_fpr": {
    "accuracy": 0.7031109973114839,
    "auc_roc": 0.9975801005629,
    "f1": 0.0521152667075413,
    "precision": 0.9922178988326849,
    "recall": 0.0267604155735124
  },
  "metrics_at_1pct_fpr": {
    "accuracy": 0.9879336832671872,
    "auc_roc": 0.9975801005629,
    "f1": 0.9802669458257,
    "precision": 0.9778613199665832,
    "recall": 0.9826844369818448
  },
  "model_used": "gptzero_like_logistic_regression",
  "num_samples": 31244
}