{
  "additional_details": {
    "additional_models_used": [
      "/content/drive/MyDrive/colab_hc3_bundle/hf_models/gpt2"
    ],
    "notes": "Exported from ZeroGPT Colab evaluation on test_dataset."
  },
  "dataset_used": "hc3_unified_10000_seed42_clean_test.csv",
  "detection_method": "gptzero_like",
  "experiment_name": "hc3_unified_10000_seed42_clean_test_gptzero_like",
  "metrics_at_0.01pct_fpr": {
    "accuracy": 0.6716221186856303,
    "auc_roc": 0.9960751142724332,
    "f1": 0.0356467728868485,
    "precision": 0.99,
    "recall": 0.0181501512512604
  },
  "metrics_at_1pct_fpr": {
    "accuracy": 0.9830799411476214,
    "auc_roc": 0.9960751142724332,
    "f1": 0.9745504840940524,
    "precision": 0.98033577590205,
    "recall": 0.9688330736089468
  },
  "model_used": "gptzero_like_logistic_regression",
  "num_samples": 32624
}