{
  "additional_details": {
    "additional_models_used": [],
    "notes": "Exported from ZeroGPT Colab evaluation on test_dataset."
  },
  "dataset_used": "hc3_gpt_5_4_mini_recursive_paraphrase_depth_1_test.csv",
  "detection_method": "svm_tfidf",
  "experiment_name": "hc3_gpt_5_4_mini_recursive_paraphrase_depth_1_test_svm_tfidf",
  "metrics_at_0.01pct_fpr": {
    "accuracy": 0.6283592644978784,
    "auc_roc": 0.9754821928771508,
    "f1": 0.4177285318559556,
    "precision": 1.0,
    "recall": 0.2640056022408963
  },
  "metrics_at_1pct_fpr": {
    "accuracy": 0.7779349363507779,
    "auc_roc": 0.9754821928771508,
    "f1": 0.7216312056737588,
    "precision": 0.9830917874396136,
    "recall": 0.5700280112044818
  },
  "model_used": "linear_svm_tfidf",
  "num_samples": 2828
}