{
  "additional_details": {
    "additional_models_used": [],
    "notes": "Exported from ZeroGPT Colab evaluation on test_dataset."
  },
  "dataset_used": "hc3_gpt_5_4_mini_recursive_paraphrase_depth_2_10000_clean_test.csv",
  "detection_method": "xgboost_tfidf",
  "experiment_name": "hc3_gpt_5_4_mini_recursive_paraphrase_depth_2_10000_clean_test_xgboost_tfidf",
  "metrics_at_0.01pct_fpr": {
    "accuracy": 0.7802911877394636,
    "auc_roc": 0.9968977186124812,
    "f1": 0.5109170305676856,
    "precision": 0.999466097170315,
    "recall": 0.3431714023831347,
    "tpr": 0.3431714023831347
  },
  "metrics_at_0.1pct_fpr": {
    "accuracy": 0.8769655172413794,
    "auc_roc": 0.9968977186124812,
    "f1": 0.7751008516360377,
    "precision": 0.9969731911213608,
    "recall": 0.6340054995417048,
    "tpr": 0.6340054995417048
  },
  "metrics_at_1pct_fpr": {
    "accuracy": 0.96616091954023,
    "auc_roc": 0.9968977186124812,
    "f1": 0.9478014184397164,
    "precision": 0.97880859375,
    "recall": 0.9186984417965168,
    "tpr": 0.9186984417965168
  },
  "model_used": "xgboost_tfidf",
  "num_samples": 32625,
  "presentation_metrics": {
    "fpr_at_80pct_tpr": 0.0029472714713331,
    "roc_auc": 0.9968977186124812,
    "tpr_at_0_1pct_fpr": 0.6340054995417048
  }
}