{
  "additional_details": {
    "additional_models_used": [],
    "notes": "Exported from ZeroGPT Colab evaluation on test_dataset."
  },
  "dataset_used": "hc3_unified_1000_seed42_test.csv",
  "detection_method": "xgboost_tfidf",
  "experiment_name": "hc3_unified_1000_seed42_test_xgboost_tfidf",
  "metrics_at_0.01pct_fpr": {
    "accuracy": 0.8264404383174266,
    "auc_roc": 0.9915650304908528,
    "f1": 0.7925644275454161,
    "precision": 1.0,
    "recall": 0.6564030790762772
  },
  "metrics_at_1pct_fpr": {
    "accuracy": 0.9293036408624956,
    "auc_roc": 0.9915650304908528,
    "f1": 0.9255398361876396,
    "precision": 0.988862370723946,
    "recall": 0.8698390482855144
  },
  "model_used": "xgboost_tfidf",
  "num_samples": 2829
}