{
  "additional_details": {
    "additional_models_used": [],
    "notes": "Exported from ZeroGPT Colab evaluation on test_dataset."
  },
  "dataset_used": "hc3_gpt_5_4_mini_recursive_paraphrase_depth_3_test.csv",
  "detection_method": "xgboost_tfidf",
  "experiment_name": "hc3_gpt_5_4_mini_recursive_paraphrase_depth_3_test_xgboost_tfidf",
  "metrics_at_0.01pct_fpr": {
    "accuracy": 0.630965005302227,
    "auc_roc": 0.97721933419974,
    "f1": 0.4244762954796031,
    "precision": 1.0,
    "recall": 0.2694191742477256
  },
  "metrics_at_1pct_fpr": {
    "accuracy": 0.8207847295864263,
    "auc_roc": 0.97721933419974,
    "f1": 0.7868852459016393,
    "precision": 0.9852631578947368,
    "recall": 0.655003498950315
  },
  "model_used": "xgboost_tfidf",
  "num_samples": 2829
}