{
    "additional_details":  {
                               "additional_models_used":  [

                                                          ],
                               "notes":  "Exported from ZeroGPT Colab evaluation on test_dataset."
                           },
    "dataset_used":  "hc3_unified_10000_seed42_clean_test.csv",
    "detection_method":  "xgboost_tfidf",
    "experiment_name":  "hc3_unified_10000_seed42_clean_test_xgboost_tfidf",
    "metrics_at_0.01pct_fpr":  {
                                   "accuracy":  0.896916380578715,
                                   "auc_roc":  0.9987167847244532,
                                   "f1":  0.8178124492117667,
                                   "precision":  0.9997350993377484,
                                   "recall":  0.6919057658813823,
                                   "tpr":  0.6919057658813823
                               },
    "metrics_at_0.1pct_fpr":  {
                                  "accuracy":  0.9489639529180972,
                                  "auc_roc":  0.9987167847244532,
                                  "f1":  0.9175538499628622,
                                  "precision":  0.9977385311221195,
                                  "recall":  0.8492987441562013,
                                  "tpr":  0.8492987441562013
                              },
    "metrics_at_1pct_fpr":  {
                                "accuracy":  0.982191025012261,
                                "auc_roc":  0.9987167847244532,
                                "f1":  0.9731899773891376,
                                "precision":  0.9798364616242334,
                                "recall":  0.9666330552754606,
                                "tpr":  0.9666330552754606
                            },
    "model_used":  "xgboost_tfidf",
    "num_samples":  32624
}
