{
  "additional_details": {
    "additional_models_used": [
      "/content/drive/MyDrive/colab_hc3_bundle/hf_models/gpt2"
    ],
    "notes": "Exported from ZeroGPT Colab evaluation on test_dataset."
  },
  "dataset_used": "hc3_unified_10000_seed42_clean_test.csv",
  "detection_method": "gptzero_like",
  "experiment_name": "hc3_unified_10000_seed42_clean_test_gptzero_like",
  "metrics_at_0.01pct_fpr": {
    "accuracy": 0.6716221186856303,
    "auc_roc": 0.9960751142724332,
    "f1": 0.0356467728868485,
    "precision": 0.99,
    "recall": 0.0181501512512604,
    "tpr": 0.0181501512512604
  },
  "metrics_at_0.1pct_fpr": {
    "accuracy": 0.8334661598822953,
    "auc_roc": 0.9960751142724332,
    "f1": 0.6692640165581057,
    "precision": 0.9961942732874233,
    "recall": 0.5038958657988817,
    "tpr": 0.5038958657988817
  },
  "metrics_at_1pct_fpr": {
    "accuracy": 0.9830799411476214,
    "auc_roc": 0.9960751142724332,
    "f1": 0.9745504840940524,
    "precision": 0.98033577590205,
    "recall": 0.9688330736089468,
    "tpr": 0.9688330736089468
  },
  "model_used": "gptzero_like_logistic_regression",
  "num_samples": 32624,
  "presentation_metrics": {
    "fpr_at_80pct_tpr": 0.0022565047202394,
    "roc_auc": 0.9960751142724332,
    "tpr_at_0_1pct_fpr": 0.5038958657988817
  }
}