{
    "additional_details":  {
                               "additional_models_used":  [
                                                              "/content/drive/MyDrive/colab_hc3_bundle/hf_models/gpt2"
                                                          ],
                               "notes":  "Exported from ZeroGPT Colab evaluation on test_dataset."
                           },
    "dataset_used":  "hc3_gpt_5_4_mini_recursive_paraphrase_depth_3_10000_clean_test.csv",
    "detection_method":  "gptzero_like",
    "experiment_name":  "hc3_gpt_5_4_mini_recursive_paraphrase_depth_3_10000_clean_test_gptzero_like",
    "metrics_at_0.01pct_fpr":  {
                                   "accuracy":  0.6657164750957855,
                                   "auc_roc":  0.9225777397512523,
                                   "f1":  0.0007330034817665,
                                   "precision":  1.0,
                                   "recall":  0.0003666361136571,
                                   "tpr":  0.0003666361136571
                               },
    "metrics_at_0.1pct_fpr":  {
                                  "accuracy":  0.6668505747126438,
                                  "auc_roc":  0.9225777397512523,
                                  "f1":  0.011279905394341804,
                                  "precision":  0.7469879518072475,
                                  "recall":  0.0056828597616865,
                                  "tpr":  0.0056828597616865
                              },
    "metrics_at_1pct_fpr":  {
                                "accuracy":  0.7106819923371648,
                                "auc_roc":  0.9225777397512523,
                                "f1":  0.2632113027866677,
                                "precision":  0.8869016307206733,
                                "recall":  0.1545371219065077,
                                "tpr":  0.1545371219065077
                            },
    "model_used":  "gptzero_like_logistic_regression",
    "num_samples":  32625
}
