{
    "additional_details":  {
                               "additional_models_used":  [

                                                          ],
                               "notes":  "Exported from ZeroGPT Colab evaluation on test_dataset."
                           },
    "dataset_used":  "hc3_gpt_5_4_mini_recursive_paraphrase_depth_3_10000_clean_test.csv",
    "detection_method":  "xgboost_tfidf",
    "experiment_name":  "hc3_gpt_5_4_mini_recursive_paraphrase_depth_3_10000_clean_test_xgboost_tfidf",
    "metrics_at_0.01pct_fpr":  {
                                   "accuracy":  0.7577931034482759,
                                   "auc_roc":  0.9959605847183316,
                                   "f1":  0.432409136618302,
                                   "precision":  0.99933598937583,
                                   "recall":  0.2758936755270394,
                                   "tpr":  0.2758936755270394
                               },
    "metrics_at_0.1pct_fpr":  {
                                  "accuracy":  0.8535172413793105,
                                  "auc_roc":  0.9959605847183316,
                                  "f1":  0.7202481999648774,
                                  "precision":  0.9965980884497005,
                                  "recall":  0.5638863428047662,
                                  "tpr":  0.5638863428047662
                              },
    "metrics_at_1pct_fpr":  {
                                "accuracy":  0.9562605363984674,
                                "auc_roc":  0.9959605847183316,
                                "f1":  0.9314831708839488,
                                "precision":  0.9781183825753756,
                                "recall":  0.8890925756186985,
                                "tpr":  0.8890925756186985
                            },
    "model_used":  "xgboost_tfidf",
    "num_samples":  32625
}
